IdOwner,nombre,apellido,direccion,telefono,email
645-260,Frances,Tacon,66 Hoepker Street,646-7955749,ftacon0@storify.com
672-180,Tito,Kubin,70978 Independence Avenue,155-2932536,tkubin1@newsvine.com
748-474,Luce,Scutching,20 Erie Parkway,568-7283362,lscutching2@time.com
806-509,Freddy,Isaksen,87612 Judy Park,596-5957882,fisaksen3@myspace.com
581-614,Binni,Nurcombe,27988 Anthes Hill,936-5035833,bnurcombe4@sun.com
876-620,Clive,Lankester,58975 Clyde Gallagher Circle,292-1168482,clankester5@apache.org
084-221,Elise,Chevalier,95 Aberg Center,506-2484245,echevalier6@dot.gov
843-940,Connie,Peel,29 Surrey Avenue,948-2710436,cpeel7@imgur.com
247-590,Winston,Delgua,7208 Fulton Plaza,266-6771350,wdelgua8@nature.com
654-864,Towny,Filip,164 Kinsman Court,716-7534593,tfilip9@mashable.com
563-900,Joleen,Kenwell,424 Macpherson Parkway,098-8375509,jkenwella@purevolume.com
499-832,Raffarty,Scowen,92979 Oak Terrace,099-0123494,rscowenb@cnn.com
514-248,Chris,Joinson,5 Mcbride Trail,032-0592122,cjoinsonc@un.org
704-455,Jacquette,Daintry,6572 Browning Terrace,424-6581878,jdaintryd@auda.org.au
165-170,Coriss,Marion,6 Lyons Plaza,995-5001449,cmarione@networkadvertising.org
745-036,Tobe,Szach,06 Trailsway Avenue,296-4588836,tszachf@g.co
176-050,Jamey,Runcie,38571 Fremont Hill,500-7003255,jruncieg@uiuc.edu
712-462,Jaquelin,Tootal,7 Gulseth Park,517-7138323,jtootalh@apache.org
392-483,Silvan,Hebditch,8644 Thackeray Terrace,223-3835571,shebditchi@china.com.cn
157-132,Zacharias,Camamill,2 Porter Circle,602-2341145,zcamamillj@google.co.jp
234-422,Irwin,Edden,08396 Oakridge Point,795-4493019,ieddenk@disqus.com
615-275,Iggy,Grahlman,7 Farwell Hill,275-7861707,igrahlmanl@wunderground.com
855-058,Melisse,Ladson,22738 Mandrake Plaza,239-1298877,mladsonm@bbb.org
355-341,Eddie,Cozby,1970 Mesta Place,540-5530345,ecozbyn@ask.com
189-217,Anjela,Bonson,9 Elmside Parkway,102-0905445,abonsono@shareasale.com
939-585,Natty,Gallant,6604 Becker Plaza,817-8852680,ngallantp@xing.com
355-264,Maddie,Mellon,38376 Lien Road,098-1903997,mmellonq@qq.com
254-159,Dallon,Beggin,63047 Morning Circle,911-7867929,dbegginr@shutterfly.com
208-830,Lucinda,Martensen,2414 Namekagon Circle,912-7163925,lmartensens@merriam-webster.com
822-351,Caryl,Oakenfall,316 Charing Cross Terrace,768-1206814,coakenfallt@hhs.gov
855-603,Merola,Buckett,01 Bartillon Hill,975-1670974,mbuckettu@fastcompany.com
080-369,Silvie,Seeking,49747 Canary Crossing,972-1164846,sseekingv@mlb.com
292-895,Daisie,Luddy,5 Superior Lane,669-0037857,dluddyw@naver.com
174-527,Bradan,Davids,329 Loomis Lane,482-6201990,bdavidsx@microsoft.com
075-672,Monro,Flexman,8456 Crowley Circle,112-5730327,mflexmany@google.es
980-101,Xylia,Please,975 Moland Crossing,816-4873804,xpleasez@timesonline.co.uk
408-939,Hynda,MacArthur,343 Scott Avenue,461-1544668,hmacarthur10@cocolog-nifty.com
797-483,Keelia,Woolvin,05126 Bluestem Junction,002-4273755,kwoolvin11@state.tx.us
236-102,Aurelie,Boutellier,82158 Fordem Circle,056-3166289,aboutellier12@europa.eu
547-481,Maggee,Inglefield,38 8th Center,994-8663860,minglefield13@deviantart.com
725-958,Isador,Breacher,0115 Kensington Lane,157-5349432,ibreacher14@i2i.jp
222-235,Marv,Yanyshev,9 Erie Alley,454-5900884,myanyshev15@about.com
402-881,Olwen,O'Loinn,82727 Dwight Center,510-7749808,ooloinn16@howstuffworks.com
805-885,Haslett,Baylay,06853 Bunker Hill Alley,664-9503902,hbaylay17@ameblo.jp
929-741,Tammie,Farrey,05987 Dapin Avenue,457-2908394,tfarrey18@amazon.de
798-017,Lorain,Sinney,871 Moose Park,425-0162374,lsinney19@google.ru
337-955,Audre,Whatsize,94472 Maple Wood Road,561-7966225,awhatsize1a@tripadvisor.com
679-681,Germayne,Roark,70509 Twin Pines Hill,508-3504910,groark1b@irs.gov
069-131,Davita,Roy,418 Shoshone Crossing,717-1542864,droy1c@wix.com
527-804,Bertie,Baudry,9 Northview Crossing,398-2903380,bbaudry1d@sbwire.com
250-557,Olivia,Gurner,1 Sutteridge Parkway,829-3756331,ogurner1e@washingtonpost.com
216-572,Hugues,Clement,327 David Park,184-1278636,hclement1f@admin.ch
026-451,Giuditta,Burstowe,44083 Maryland Court,749-7828959,gburstowe1g@flickr.com
892-469,Rutter,Boissieux,6 Morning Road,960-1240933,rboissieux1h@narod.ru
594-364,Steffie,Dobel,43138 Tony Junction,883-5860847,sdobel1i@cdbaby.com
911-061,Whitby,Heinle,5 Warbler Point,963-6730838,wheinle1j@vkontakte.ru
308-170,Martina,Pardew,13 Pennsylvania Point,491-7611682,mpardew1k@ftc.gov
221-847,Pavla,Halward,84 Nobel Court,576-6961748,phalward1l@feedburner.com
097-870,Grove,Firmager,2682 Thompson Plaza,051-7601337,gfirmager1m@msn.com
122-875,Ginelle,Cudmore,7329 Portage Park,910-9296065,gcudmore1n@berkeley.edu
155-047,Kacy,Thewys,0963 Clarendon Hill,280-1390581,kthewys1o@bizjournals.com
450-078,Virgina,Eichmann,2375 Dottie Hill,503-0646519,veichmann1p@nationalgeographic.com
944-249,Pennie,Brixham,1 Butterfield Avenue,140-8977469,pbrixham1q@spotify.com
726-771,Brittani,Grigorescu,49 Maple Alley,238-5176653,bgrigorescu1r@xinhuanet.com
587-841,Vitia,Goodday,99663 Brickson Park Avenue,330-6343307,vgoodday1s@mozilla.org
899-648,Nadiya,Skene,42756 Prairieview Alley,132-4108037,nskene1t@ca.gov
543-206,Wandie,Brierton,1 Cottonwood Trail,183-4161580,wbrierton1u@webmd.com
726-196,Priscilla,Etteridge,9 Utah Court,424-8348363,petteridge1v@japanpost.jp
198-325,Cameron,Skyrm,47 Caliangt Court,427-7525189,cskyrm1w@disqus.com
344-875,Bartram,Midlane,45 Butterfield Circle,771-3625965,bmidlane1x@yale.edu
515-407,Ingemar,Shipway,7 4th Circle,227-7252577,ishipway1y@hatena.ne.jp
873-958,Sukey,Rottery,8828 Roth Hill,770-2567099,srottery1z@dedecms.com
433-447,Durant,Franzen,957 Service Terrace,949-6458754,dfranzen20@woothemes.com
150-206,Eugenio,Lavies,08 Lakewood Gardens Way,746-3112774,elavies21@bigcartel.com
242-426,Trstram,Bellham,7316 Sachtjen Drive,688-6493856,tbellham22@delicious.com
151-376,Gabriellia,Skirving,9686 Saint Paul Avenue,641-4612055,gskirving23@ucoz.com
805-453,Tedra,Clemanceau,63 Bartelt Road,796-3430950,tclemanceau24@blogger.com
482-927,Tristan,Fife,26 Upham Pass,062-4044093,tfife25@i2i.jp
613-713,Kingsly,Sharpling,881 Mcbride Drive,390-3333277,ksharpling26@symantec.com
829-943,Richmond,Piccop,186 Dovetail Alley,323-4618406,rpiccop27@hud.gov
696-223,Archibaldo,Coulman,093 Valley Edge Circle,678-1676391,acoulman28@discuz.net
787-181,Arel,Fader,466 Dapin Place,742-9977942,afader29@mysql.com
078-379,Waiter,Spoward,27 Merry Center,871-4225097,wspoward2a@wisc.edu
351-921,Brendon,Strooband,58 Kingsford Center,231-3944665,bstrooband2b@sourceforge.net
407-578,Terri-jo,Forsard,25 Vermont Circle,611-8822367,tforsard2c@gmpg.org
516-475,Bobbie,Ahrendsen,75191 Golf Course Lane,191-9039218,bahrendsen2d@discovery.com
464-513,Amalle,Gludor,115 Rigney Street,109-1160301,agludor2e@wp.com
130-281,Sollie,Winscomb,77373 Northview Avenue,417-9857685,swinscomb2f@forbes.com
694-930,Cherice,Bonifazio,53616 Blaine Point,450-2918728,cbonifazio2g@examiner.com
518-510,Diann,Checcuzzi,57586 Park Meadow Road,337-8276802,dcheccuzzi2h@yale.edu
797-536,Shane,Khomin,8 Blackbird Center,171-0346947,skhomin2i@mysql.com
095-323,Elmer,Merck,59811 Lakewood Gardens Pass,883-0841837,emerck2j@globo.com
539-955,Eveline,Lusgdin,61 2nd Avenue,322-5358092,elusgdin2k@vinaora.com
479-169,Jozef,De Mattia,93 Sunbrook Point,914-8909371,jdemattia2l@chicagotribune.com
146-216,Eadith,Wiltshear,072 Buell Circle,724-9732498,ewiltshear2m@wiley.com
433-149,Flory,Anespie,5 International Lane,622-8321406,fanespie2n@de.vu
906-277,Olvan,Manklow,92 Lawn Center,716-3884408,omanklow2o@paginegialle.it
089-003,Don,Stickney,82852 Doe Crossing Point,557-5978542,dstickney2p@indiatimes.com
648-364,Andree,Jeacock,0 East Alley,122-2468521,ajeacock2q@tripadvisor.com
435-856,Deloria,Bartholat,90472 Macpherson Place,032-9707130,dbartholat2r@cisco.com
312-122,andres,alvarado,avenida,3,
